Timestamp,Sentence,Sentiment
9/16/2023 17:15:35,"Good, but not good like other average day.",Neutral
9/16/2023 17:16:06,"Ordered Naga, they didn’t even put a green chilly in the chowmein..",Negative
9/16/2023 17:16:41,The food was decent but the amount of chicken wasn't satisfactory.,Neutral
9/16/2023 17:17:18,"Too much oil all over the Meat Lover’s Pasta, more than enough to make anyone fall sick. Great food but terrible experience.",Negative
9/16/2023 17:18:12,didn't provide any cutlery -packaging was very bad ,Negative
9/16/2023 17:18:42,enough quantity.. test must be better more,Positive
9/16/2023 19:07:20,the jali kabab was undercooked,Negative
9/16/2023 19:08:57,Everything was good but meat size is getting small day by day.,Neutral
9/16/2023 19:56:52,"It was disastrous 1. The pizza dough was raw, my hands were covered with flour/wheat whatever they used 2.",Negative
9/16/2023 19:57:54,there was no cheese in cheesy pizza lmao. do better I guess. and the amount of sauce wasn't enough. the packaging was good but the food quality was really bad,Negative
9/16/2023 20:41:45,I ordered some mashed potatoes and it was joke of a mashed potato! It was filled with sugar and had no butter at all. I couldn't even eat half of it! ,Negative
9/16/2023 20:42:06,I wonder who puts jeera in seafood fried rice ? And as seafood I got only 3 pieces of prawn . Disappointing,Negative
9/16/2023 20:42:38,"taste was wonderful,I stayed as a patient in suhrawardy medical college & was cravings for healthy food, satisfied !",Positive
9/16/2023 20:42:51,The fried rice is extremely delicious. I order only fried rice and eat with home made chicken. Love itt!,Positive
9/16/2023 20:43:19,I got hair into the rice without that every thing was fine .they should be more careful about that.,Neutral
9/16/2023 20:43:41,I ordered Jalapeno chicken. The chicken steak was too dry and therefore no spices entered in to the chicken.,Negative
9/16/2023 20:43:56,"tha taste was good.The fish was fried in breadcrumbs, and the chips are fries",Positive
9/16/2023 20:44:18,Everything was super oily and the mashed potato was overly sweet. Bad meal overall.,Negative
9/16/2023 20:44:38,"I ordered the clear seafood soup it was not up to the mark; they gave 2 piece of prawn which was old and rubbery , very minimum fish used (too less) ",Negative
9/16/2023 20:45:07,"Awesome food (grilled chicken, rice and vegetable). The sauce was so tasty. ",Positive
9/16/2023 20:45:32,"Chicken steak was pretty decent. The portion size was value for money. Also, taste was pretty good.",Positive
9/16/2023 20:48:52,The first day I ordered quantity was so much & today quantity was not even half. Very disappointing,Negative
9/16/2023 20:49:07,"very good Bolognese spaghetti, nice seasoning and food",Positive
9/16/2023 20:49:25,it was just amazing bt prawn lacks a bit salt and if beef cooked for a little long it would taste better overall amazing,Positive
9/16/2023 20:49:42,"food was delicious and fresh, there burgers are very very good than takeout or chillox",Positive
9/16/2023 20:50:04,packaging was soooo bad! almost 3/4 th soup was wasted!,Negative
9/16/2023 20:50:25,I ordered clear veg soup.. I didn't like it.,Negative
9/16/2023 20:50:49,esttt the fried rice is the best ive had and basil chicken is really good and the prawn was ok igot the set 2 and it was amazing great quality,Positive
9/16/2023 20:51:17,"the food is not bad, but one pasta is not enough for one person. not worth the money",Neutral
9/16/2023 20:51:37,Mac and cheese should've been made entirely with cheddar cheese instead of only the top layer having it.,Neutral
9/16/2023 20:51:57,ordered the creamy alfredo pasta. taste was excellent but the portion was little and price is too much for such portion,Neutral
9/16/2023 20:52:15,The food would have been great but the tomato ketchup addition really ruined the taste. Please add the sauce in a separate container next time.,Neutral
9/16/2023 21:01:19,where is my meal?? ami 1.30 ghonta age order koresi but ekhono ashe ni😠..Where is your delivery boy,Negative
9/16/2023 21:01:49,food is good but they don't understand what customer needs because I told them more sauce but they can't put,Neutral
9/16/2023 21:02:07,Very bad experience. I have ordered beef cheese burger and they have provided burgers without cheese 😡,Negative
9/16/2023 21:02:22,i have ordered chicken cheese burger but they have sent me chicken burger,Negative
9/16/2023 21:02:45,Food & packaging was good...Delivery man's behaviour was so decent...,Neutral
9/16/2023 21:03:45,Burgers were too much spicy and we didn’t enjoyed the food. Basically burgers were prepared with bombai chili sauce and this food was just disgusting.,Negative
9/16/2023 21:04:12,Taste was best of food…..but the burger was cold!I don’t know is that happened for traffic or what,Neutral
9/16/2023 21:05:37,"I am satisfied with their burger 🥰… bun was fresh ,spice was perfect and amount of sauce was accurate , overall it was really good 😌",Positive
9/16/2023 21:05:55,Its was actually good. i asked for regular sauce but they gave extra i thing but the saice was tasty and burger was I don’t eat burger but this is extraordinary order for here,Positive
9/16/2023 21:07:06,It was really good the size became bigger than before but the price is not that worth it but it was actually good,Positive
9/16/2023 21:10:35,"I think they messed up my beef burger. Maybe it got exchanged with chicken and the spice level was wrong (wanted very spicy but I think I got spicy). Overall, good food, ",Neutral
9/16/2023 21:11:21,chilox is the best Burger shop i just love this we are regular customer ,Positive
9/16/2023 21:11:44,Chillox provides top notch food undoubtedly but sometimes makes silly mistakes like missing items.,Positive
9/16/2023 21:12:15,"I order 2x BBQ Chicken Cheese Burger, but the spice level i mentioned 01 Very Spicy & the other one Extreme Naga. They sent me both extreme naga. ",Neutral
9/16/2023 21:12:32,Burger was not so good.i ordered chicken cheese blust Chicken patty was so hard.It seems like The burger was made a long time ago.,Negative
9/16/2023 21:12:47,they gave me onions peel inside burger and there was no sauce inside burger.worst worst worst..,Negative
9/16/2023 21:13:01,They have followed my instruction. Keep up the good work and the food was tasty as usual.,Positive
9/16/2023 21:13:28,I ordered a beef bbq cheese burger but you gave me the chicken one. and even if I had the chicken one they kept the price of the beef one.,Negative
9/16/2023 21:13:53,The fries are still holding up. The chicken wings unfortunately gotten smaller but the taste is the same . So overall it was satisfactory that the quality did not degrad.,Neutral
9/16/2023 21:14:20,"I mention that please don’t put pepper’s. But they put peppers on frnch fries. So , my son could not eat 😏",Negative
9/16/2023 21:14:38,"In the wings packet they provided 5 wings instead of 6, and not to mention that they took 50 minutes to process the order. Disappointing from chillox!!",Negative
9/16/2023 21:14:55,"Very poor delivery time, too much delayed, wrong packaging, no communication for delay from restaurant. Not recommended to be in foodpanda.",Negative
9/16/2023 21:28:14,"Somedays good, Somedays bad",Neutral
9/16/2023 21:28:29,First time trying Chillox Beef burger was good 7/10 bit overpriced Naga Drumsticks great 8/10,Neutral
9/16/2023 21:52:11,i repeatedly ordered ring donuts but both times received full bun donuts... really frustrating..,Negative
9/16/2023 21:52:34,Tasty& Satisfied! please hold this food quality.Thanks!,Positive
9/16/2023 21:52:53,They provide fresh bread.They manufacture every of their product in most hygienic way.,Positive
9/16/2023 21:54:11,Quantity was not satistfying . Taste was below average and it was dry af.,Negative
9/16/2023 21:54:54,The price is unjustified to the product even though i love their food but the price being charged for it is unreasonable,Neutral
9/16/2023 21:55:23,"A Pasta Has No Name and it is amazing, as always old-school American Burger and their items prevail.",Positive
9/16/2023 21:56:13,I asked checken burger without vegetables.... but came with vegetables. not good service,Negative
9/16/2023 21:59:34,The taste and quality is so good!! and quantity was enough....👏👏,Positive
9/16/2023 22:00:13,Taste and quality should be improved. Meat could be more soft.,Neutral
9/16/2023 22:02:24,"I did not get the borhani I ordered. To conceal this, they did not provide receipts. They took money but did not deliver all my food.",Negative
9/16/2023 22:06:14,Bfc is always the best no doubt. But there was no cheese in supreme cheese burger and that made me a little upse.Other than that chicken fry was good as always.,Neutral
9/16/2023 22:06:56,"alhamdulillah, I'm satisfied it was testy and delicious. love the food very much.",Positive
9/16/2023 22:07:30,Food is excellent! Experience is good,Positive
9/16/2023 22:08:08,bro everything is good the burger and the wings are excellent ,Positive
9/16/2023 22:08:29,Well i love their naga wings a lot. One of my favourite ❤️. their best burger and fried chickens are good. BFC is one of my favourite thing🤍,Positive
9/16/2023 22:08:46,I ordered 15 Garlic Sauce but BFC gave me 13 Garlic Sauce and 2 Thousand Island Sauce. Nonsense and cheap activity from BFC. Never Expected this to happen.,Negative
9/16/2023 22:09:38,I got fried chicken skin instead of fried chicken tenders inside the chicken garlic wrap. It didn't taste good. ,Negative
9/16/2023 22:09:55,Mentioned it to be not spicy but still grilled burger was super spicy. Try to read instructions from next time.,Neutral
9/16/2023 22:10:23,best burger and chiken hot wings is their signature item. great taste as always 🫡,Positive
9/16/2023 22:11:06,"Fried Chicken & coleslaw side were very good as one would usually expect from BFC, however garlic dip was not as good as we usually get from herfy/al baik",Neutral
9/16/2023 22:11:40,it was so good..... ordered after a long time. keep up the quality.,Positive
9/16/2023 22:12:03,"BFC servers juicy fried chicken always, I was surprised and bit disappointed cause the fried chicken pieces were dry inside.",Neutral
9/17/2023 0:38:20,Worst pizza. Uncooked.,Negative
9/17/2023 0:38:40,Good pizza and drinks. A little pricey but a nice treat.,Positive
9/17/2023 0:39:15,Pizza was very good. You can tell it was cooked in a wood fired oven. Needed to be cooked a little bit longer,Neutral
9/17/2023 0:39:41,too bad,Negative
9/17/2023 0:40:03,Kudos wedges - absolutely horrible.,Negative
9/17/2023 0:40:14,Very bad experience,Negative
9/17/2023 0:45:05,the chicken strips were stale and smelly,Negative
9/17/2023 0:47:32,"Very bad quality pasta, I can't Expect like this food",Negative
9/17/2023 0:47:44,pizza ta pura e thanda cilo. somoy basi lagsay,Negative
9/17/2023 0:47:55,vegetable ta actu problem silo,Negative
9/17/2023 0:48:28,It’s too much big ,Positive
9/17/2023 0:48:38,test good,Positive
9/17/2023 0:49:12,food was delicious ,Positive
9/17/2023 0:49:38,"They sent the right product but instead of 17"" they sent 9""!",Negative
9/17/2023 0:49:49,it was so bad,Negative
9/17/2023 0:50:34,"low quality of food, didn't taste good",Negative
9/17/2023 0:51:00,Awesome test and surprise French fries,Positive
9/17/2023 0:51:22,"Very bad experience, no professionalism",Negative
9/17/2023 0:51:35,"superb, presentation average but food was good",Positive
9/17/2023 0:51:49,One of the best burger !! Everyone should give it a try.,Positive
9/17/2023 0:52:15,They were on time.,Positive
9/17/2023 0:52:53,I ordered chicken steak platter test was good.but chicken steak was little bit hard.overall good.,Neutral
9/17/2023 0:53:19,5 star for extra sauce and amenities!,Positive
9/17/2023 0:53:43,fry box not worth it,Neutral
9/17/2023 0:54:09,Beyond my expectations. The food was really good and I would recommend everyone to try this amazing recipe,Positive
9/17/2023 0:54:30,French fries were too salty. Otherwise the food was good.,Neutral
9/17/2023 0:55:23,Food was good. But feeling sad when an item has been cancelled.,Positive
9/17/2023 0:55:42,I order tandorri pie pizza buy one get one ! Worst taste ever! Waste off money!,Negative
9/17/2023 0:56:25,their steak is good but chewy. Their sides with the steak is good too. Didn’t like the sauce so much,Neutral
9/17/2023 0:57:06,Alfedo pizza is soooo good,Positive
9/17/2023 0:57:44,Beef was not cocked at all.its all raw meat they send us.we couldn't test the stack at all its disgusting beef.,Negative
9/17/2023 0:58:12,Amazing Food. Please maintain the quality and taste,Positive
9/17/2023 0:58:40,food was good but need to a little more salty,Neutral
9/17/2023 0:59:13,Order was very bad experience. I won't ever order food orchid. Food quality was worst.,Negative
9/17/2023 1:00:22,Food quality is worse. Never tried this types of bad food from foodpanda. No Mushroom within their garlic mushroom menu. White pasta is very hard with lot of salt. Not recommend unless they improve foo,Negative
9/17/2023 1:01:02,Food Quality are very very bad. Waste of my money.,Negative
9/17/2023 1:01:17,Food Quality are very very bad. Waste of my money.,Positive
9/17/2023 1:02:06,There was a hair around a momo,Negative
9/17/2023 1:02:32,"Pizza's taste was not good. They didn't even cut the pizza. Also the price was high. To me, it was a waste of money. I wanted extra sauce. They provided it",Negative
9/17/2023 1:03:11,When users as said something on the note please read them. I don't like tomato but everytime you guys just send me tomatos,Neutral
9/17/2023 1:03:27,the pizza was average topping rate 8/10 cheese rate 4/10 taste rate 6/10,Neutral
9/17/2023 1:03:41,food was very nice,Positive
9/17/2023 1:04:16,noodles was average & the French fry wasn't crisp at all,Neutral
9/17/2023 1:04:38,great taste. i just love their momo! requesting to bring faluda back,Positive
9/17/2023 1:05:05,noodles were great as usual,Positive
9/17/2023 1:05:42,Good in taste..Taste rate:4.5/5 Quantity they give is plentiful.. Quantity rate:5/5 overall satisfactory,Neutral
9/17/2023 1:06:32,Today the rice and food were very dry,Negative
9/17/2023 1:06:44,the pasta was great 10/10,Positive
9/17/2023 1:06:57,The amount was almost half of the box.I ordered so many times but the last two times they sent like almost half of the box for Nasi Goreng and Peri Pasta.. It was very disappointing and sad,Negative
9/17/2023 1:07:12,low grade food with high price,Negative
9/17/2023 1:07:34,taste is good and the food was hot but they didn't provide cutlery items,Positive
9/17/2023 1:07:56,the mie goreng was a bit dry in my opinion but I liked the taste. they should increase the portion size though,Neutral
9/17/2023 1:08:15,i was too hungry and made me satisfied,Positive
9/17/2023 1:08:32,Pasta got cold. Didn't taste good,Negative
9/17/2023 1:08:51,naga chicken wings was awesome and red mad pasta was bank for the buck,Positive
9/17/2023 1:09:35,taste was good. quality was great,Positive
9/17/2023 1:09:35,taste was good.,Positive
9/17/2023 1:10:50,"very bad experience, wings are the worst not recommend at all, owner please check your food quality and taste, its deteriorating",Negative
9/17/2023 1:12:37,"ordered tandoori rice, unnecessarily spicy!",Negative
9/17/2023 1:12:56,taste is good but price is little bit high,Neutral
9/17/2023 1:13:12,I ordered Tandoori rice bowl… and it was my 3rd time. Highly recommend this restaurant Food was tasty and Hot at the same time,Positive
9/17/2023 1:13:22,Thank you so much. Food was fresh and testy.,Positive
9/17/2023 1:13:32,too spicy and the chicken was smelly,Negative
9/17/2023 1:13:48,full of rice. meat portion is almost ZERO,Negative
9/17/2023 1:14:03,take too much time,Negative
9/17/2023 1:14:14,getting bad smell from rice. so sad,Negative
9/17/2023 1:14:48,Food quality and quantity is really good.,Positive
9/17/2023 1:15:04,"Food was warm and fresh,quite tasty ,well packed. For my taste bud the creaminess that I think is from coconut milk is kinda okayish cuz of scrap but I think some might love it.",Positive
9/17/2023 1:15:16,It was a good meal but amount could have been increased as the price was very high and some vegetables could have been added too,Neutral
9/17/2023 1:15:32,Very good cooking.Instead of mango aachar gravy would have been better,Neutral
9/17/2023 1:15:49,too much spicy tandoori rice was...definitely ill not recommend this dish for others except who likes too spicy dish,Negative
9/17/2023 1:16:15,the pizza was completely ruined it was smashed,Negative
9/17/2023 1:16:32,"I never thought I would've this type of experience from CHEEZ. ordered seafood marinara, it was totally garbage. The shrimp was too chewy and rubbery and don't get started on the crab sticks. 1/10",Negative
9/17/2023 1:16:50,Taste is not so good,Neutral
9/17/2023 1:17:04,Need to increase their amount according to price,Neutral
9/17/2023 1:17:30,the 8 inch crunch is marvelous. I hope they add other flavours as well.,Positive
9/17/2023 1:17:46,Food was not properly cooked. Smell of some other food was coming from the pizza.,Negative
9/17/2023 1:18:17,Horrible pizza.If u do not have enough ingredient then please don't take order or name it NO CHEESE PIZZA,Negative
9/17/2023 1:18:30,The pizza was so flavorful and full of toppings just loved it and the pasta was good and full of mushrooms and chicken.Loved it.,Positive
9/17/2023 1:19:03,Took the combo offer no.2. All pizzas were superb,Positive
9/17/2023 1:19:16,The pasta was great as usual,Positive
9/17/2023 1:19:32,It was fresh. They followed our instruction and made it spicy. Taste was good.,Positive
9/17/2023 1:19:46,It took them 2 hours to deliver,Negative
9/17/2023 1:19:59,SMG was delicious. pricey though.,Neutral
9/17/2023 1:20:48,they literally sent us food which is not even suitable for dogs. ,Negative
9/17/2023 1:21:24,Really good and healthy food it was. Specially chicken bhuna kebab was awesome and chicken home made shahi haleem,Positive
9/17/2023 1:21:52,They are a total scam. Don’t order any food from them. I have order food for 5 person and in the end they only deliver food for 1 person and that is also without any naan,Negative
9/17/2023 1:22:17,The food was good. Specially the Pita bread was so soft. I would recommend Adana kebab as a must try.,Positive
9/17/2023 1:22:38,"Disgusting, how can they get 5 stars rating? Paid stars / given by own family?",Negative
9/17/2023 1:23:03,very poor quality and taste,Negative
9/17/2023 1:23:25,delivery man was well behaved though he had to pass broken and bad road of eastern housing at 2:00 am,Positive
9/17/2023 1:23:34,Too much salty,Negative
9/17/2023 1:23:48,Burger taste is great,Positive
9/17/2023 1:24:01,Food is great. Love their amazing taste buds.,Positive
9/17/2023 1:24:29,the meat box was very good but the chowmein smelled very bad and I couldn't eat it. it's a very disappointing matter,Negative
9/17/2023 1:24:42,food wasn't good it's ok quality,Neutral
9/17/2023 1:25:25,I paid 413 taka for 20 taka worth of meat. This is absurd! And I paid for extra sauce and didn't get any. Don't order from these assholes!,Negative
9/17/2023 1:25:53,Food is amazing specially their pizza,Positive
9/17/2023 1:26:36,"Todays food was awesome, ordering regular from there",Positive
9/17/2023 1:27:00,Tasty but french fries didn’t cook properly and tasteless,Neutral
9/17/2023 1:27:17,food quality is not up to mark ,Negative
9/17/2023 1:27:37,Quantity low and quality too,Negative
9/17/2023 1:27:51,"So bad experience,,,,, 1 hour 40 min for delivery!!",Negative
9/17/2023 1:28:34,Great food I have eat ever in my life.,Positive
9/17/2023 1:28:57,There was no cheese & only garlic sauce & all the fries were at the bottom,Negative
9/17/2023 1:29:37,best meat box in city,Positive
9/17/2023 1:29:58,Overall size could be bigger,Neutral
9/17/2023 1:30:49,Test good but could have been better,Neutral
9/18/2023 0:55:18,i faced a bad experience... cake was too much hard...and not tasty..,Negative
9/18/2023 0:55:30,It was the worst cake it was old smelly and stale,Negative
9/18/2023 0:55:49,I ordered a chocolate pastry. They delivered a vanilla jar cake. Taste was below average,Negative
9/18/2023 0:57:29,did not like their chicken stuffed bread. they tried to make up thus item by putting ingredients inside pizza dough. The ingredients remained raw and tasteless. the chicken smelt bad,Negative
9/18/2023 0:58:07,"The mayonnaise inside the burger was so sour, I couldn't eat with proper satisfaction",Negative
9/18/2023 0:58:32,Thank you so much.... fast delivery and tasty pizza,Positive
9/18/2023 0:59:50,Think at the same price I could get Domino's pizza. The size of this pizza is the same that of Domino's personal pizza and tastes way better.,Neutral
9/18/2023 1:00:06,"I ordered spicy chicken pizza. While the ingredients and cooking was good, I felt like it lacked flavour and taste. Playing with more spices and synchronisation with flavours are needed. GOOD LUCK",Neutral
9/18/2023 1:00:25,most valuable parcel for me..Thanks to sourov kitchen.. it was actually wonderful at mid night,Positive
9/18/2023 1:00:38,Highly recommended : Delicious Pizza,Positive
9/18/2023 1:00:51,the burger patty was very poor,Positive
9/18/2023 1:01:10,Pizza is pretty good. but the cheese didn't properly stick to dough. But was still good. Also I think they should add sweet sauce with it instead of the spicy one.,Positive
9/18/2023 1:01:21,Pizza wasn't cooked. The dough was still raw. The chicken sub had too much sauce and it tasted awful. The buns were just too soft for subs,Positive
9/18/2023 1:01:34,the sauce went very well with the pizza! Absolutely loved it!!,Positive
9/18/2023 1:01:52,Delivered frowzy Pizza and burned flavour black sauce. very poor quality,Negative
9/18/2023 1:02:15,Everything was standard but need to work more regarding with menu,Neutral
9/18/2023 1:03:42,please back my money,Negative
9/18/2023 1:03:51,Order was Late but food quality was good,Neutral
9/18/2023 1:04:09,it wasn't good at all the dough itself had a very bad smell and the quality has gone bad from before I used to order from here 3/4months back and it was good but now it's very bad not gonna orde,Negative
9/18/2023 1:06:21,I tried their chicken warp. It was disgusting. Couldn’t digest it. There were some leaves in the warp which was giving a bitter taste. Totally disappointed.,Negative
9/18/2023 1:06:38,too salty..take too much time and not worth the money,Negative
9/18/2023 1:06:47,Instructions wasn't followed by the restaurant,Negative
9/18/2023 1:07:06,Pizza tasted good but size of pizza was very small compared to the price. Packaging needs to be improved as well. Bad smell was coming from the box.,Neutral
9/18/2023 1:07:35,price and quantity wise bit disappointing. food taste alright. both type of wings tasted kinda similar,Neutral
9/18/2023 1:08:02,"Pizza was burnt, bad to eat ...I was very disappointed....",Negative
9/18/2023 1:08:13,"I was so hungry that's why I ordered from here, their pizza base is so thin and pizza's are overpriced. Don't order from here.",Negative
9/18/2023 1:08:51,Crispy means a nice fried coating not a hard layer of flower(that was a little disappointing). Burger was ok . Liked the Parmesan chicken so much !,Neutral
9/18/2023 1:09:15,behaviour of the rider was so good and the food too,Positive
9/18/2023 1:09:31,270tk for 2pic chicken is okay but chicken size was to small. disappointing,Negative
9/18/2023 1:09:54,"the texture and technique of the food was great, but the taste was extremely unpalatable",Negative
9/18/2023 1:10:10,"Poor taste. Wrong advertise in the menu. Food totally different than shown picture in the menu. Tasted so bad. Chicken tasted like rotten. French fry bad, too. Please don't order from this restaurant.",Negative
9/18/2023 1:11:02,Very tasty burger. And the delivery was very quick. Such delicious burgers at this price can't be found anywhere else. I will definitely order again.,Positive
9/18/2023 1:11:21,This a fantastic bargar with a tender and juicy patty and a great softer bun . What a sets it a part from the sauce which adds in a great deal of flavour and texture . Good luck chef mhef,Positive
9/18/2023 1:12:10,literally It was very flavorful and fresh. The juiciness of the petty and the other ingredients used was of very high quality .Surely going to try out other items. undoubtedly the best burger in town,Positive
9/18/2023 1:12:24,The bun quality was really good patties were a bit thin . Otherwise it was good.,Neutral
9/18/2023 1:12:44,The Burger was super fresh and well balanced as well. highly recommend. keep up the good work,Positive
9/18/2023 1:13:12,Good packaging.Taste was average.Nice one,Positive
9/18/2023 1:14:05,"burger, sandwich, wedges unexpectedly good. khabar shobguloi khub e valo chilo. keep it up shef.",Positive
9/18/2023 1:14:20,Average burgers. Patties need improvement. Sauce and bun is good.,Neutral
9/18/2023 1:14:32,for the price that I paid it was really good.,Positive
9/18/2023 1:14:45,"Not gonna lie, loved the food. will order again",Positive
9/18/2023 1:14:59,Second time ordering and it was good,Positive
9/18/2023 1:15:13,Wedges were pretty good. The bun was amazing. The patty need a little improvement to be same ratio to buns. But most importantly you listened to my request. Thank you so much for that. Best wishes.,Neutral
9/18/2023 1:15:36,"food was fresh, tasted great , they can make the patty a bit better as it was dry. Also I personally found the food a bit greasy. overall would recommend",Neutral
9/18/2023 1:15:56,"Overall experience was great. So 5 star for that. But Extreme Naga has to be more spicy, it's supposed to be extreme. Keep up the great food quality",Positive
9/18/2023 1:18:08,The burger is more then expected and the wedges are absolutely awesome,Positive
9/18/2023 1:18:29,was expecting more by the reviews but not as expected.The patty needs to be improved as it was not Juicy or soft.Can be better if u make the patties more soft or juicy.,Neutral
9/18/2023 1:18:53,"I ordered CLASSIC CHICKEN CHEDDAR CHEESE BURGER but got without cheese,maybe the classic one :') But no question about taste and quality. recommended.",Neutral
9/18/2023 1:19:08,The bun wasn’t soft,Negative
9/18/2023 1:19:29,"Bigger portions would've been better, but not bad.",Neutral
9/18/2023 1:19:47,tasty but Sause needs to be improved,Neutral
9/18/2023 1:22:51,Excellent test and yummy food quality thanks a lot,Positive
9/18/2023 1:23:18,because of there was no mushroom but I ordered mushroom pasta,Negative
9/18/2023 1:23:31,"it was said that there will be chicken, mushroom and many more but there was nothing tasted like only boiled pasta.",Negative
9/18/2023 1:24:06,Hyderabad Biryani cooking was very good,Positive
9/18/2023 1:24:21,"Disappointing pasta quantity, not price worthy.American chicken shawarma is a complete scam. Literally there was no stuffing except sauce, moreover the bread was stale! couldn't eat the shawarma at all",Negative
9/18/2023 1:24:48,the pasta was very bad,Negative
9/18/2023 1:25:04,Best pasta in world Excellent test chilo.,Positive
9/18/2023 1:25:19,The quantity and quality was bad,Negative
9/18/2023 1:25:33,"The quality of the food was very good, much better than the usual five",Positive
9/18/2023 1:25:49,The food was a head-scratching test,Positive
9/18/2023 1:26:00,not a single sign to find that restaurant. address is provided wrong. didn't get my order.,Negative
9/18/2023 1:26:09,"Worst food,worst quantity. Really disappointed. Bad experience from foodpanda.",Negative
9/18/2023 1:26:25,I tried plain pasta and it was the most fun. I will order your food next inshallah,Positive
9/18/2023 1:26:44,The food had a wonderful taste especially the taste of their food is different will definitely order again,Positive
9/18/2023 1:27:01,"The news was crazy fun, that's how food should taste",Positive
9/18/2023 1:27:13,Excellent food quality and test awesome,Positive
9/18/2023 1:27:21,Pasta quality is not upto the satisfactory level.,Neutral
9/18/2023 1:27:32,"Very poor quantity, meat was found rarely. Meat box contain potatoes only",Negative
9/18/2023 1:28:24,"To tell you the truth, I fell in love with your pasta. At first, I thought it would not be so good, but when the food arrived, I put a spoonful in my mouth and it tasted so good that I can't explain",Positive
9/18/2023 1:28:39,yummy food quality and test awesome thanks,Positive
9/18/2023 1:28:57,nice packing and good quality food,Positive
9/18/2023 1:29:07,Alhamdulillah The food was Good Enough,Positive
9/18/2023 1:29:43,"orst food I ever had! my money got wasted. I ordered 3 types pasta,taste was just ",Negative
9/18/2023 1:30:07,It took 1 hour 20 minutes to deliver the food & the pasta didn’t taste that good due to not putting enough SALT,Negative
9/18/2023 1:30:36,"The worst food ! Delivery time is too late then pasta taste is just worst, road side burger is much better than this one. this is totally a scam . I saw maximum give 5 star those are paid by them .",Positive
9/18/2023 1:31:00,The food was fun enough,Positive
9/18/2023 1:31:50,"Today Katsu was awesome. Sauce, Mayo, Size, Test everything was perfect. Thank you. Mark's 5 out of 1. Recommended",Positive
9/18/2023 1:32:17,Delicious food quality Excellent test,Positive
9/18/2023 1:32:39,You have a lot of delicious food,Positive
9/18/2023 1:32:59,best pasta in dhaka,Positive
9/18/2023 1:33:15,ordered meat pasta got two meat that's also so small .that was total trash .......why is the review good.? the shawarma had two big pieces of onion no sauce only chappy bread,Negative
9/18/2023 1:33:28,take long time and serve burned food. simply disappointing,Negative
9/18/2023 1:33:43,yummy food quality and test awesome,Positive
9/18/2023 1:34:01,The other reviews are fake. The pasta was so horrible so inedible Cheese was plastic pasta was completely undercooked street pasta and the sauce tasted like white sugar oil and tomato ketchup avoid it,Negative
9/18/2023 16:15:16,"I usually order spicy chicken burger but today's one was not spicy at all, it was filled with tomatoes and onions and smelled bad.",Negative
9/18/2023 16:15:31,"I love their burgers, but this time the burger wasn’t fresh, it was cold",Negative
9/18/2023 16:15:42,I ordered 1x Coleslaw - Large 1× Crispy Juicy Wrap.The Coleslaw was fully rotten.i have to throw it away.,Negative
9/18/2023 16:16:02,didn't realize it was gonna be this spicy but it was very tasty,Positive
9/18/2023 16:16:22,The chicken fry wasn't crispy because it seems like no outer layer of flour. This is not fare.,Negative
9/18/2023 16:16:51,"delivered rotten food, never ordering from them ever again, very shameful but normal to see such quality drop in this country.",Negative
9/18/2023 16:16:58,maximum time they give cold french fries.Which not expected.today they did not gave any soft drink from the combo.,Negative
9/18/2023 16:17:14,Chicken Pops and Juicy Burger were best as always. Always liked the coleslaw too.,Positive
9/18/2023 16:17:22,day by day size become smaller disappointed,Negative
9/18/2023 16:17:33,"I ordered Spicy cheese burger. But they have provided dry crispy burger, which has no cheese, no pickle, no spice & no taste.",Negative
9/18/2023 16:17:46,i ordered juicy burger with cheese but there was no cheese in it.Otherwise the burger was good.,Neutral
9/18/2023 16:18:03,gave me low quality wrong item,Negative
9/18/2023 16:18:20,good. It is pleasure to see the right order is delivered.,Positive
9/18/2023 16:18:41,food was cold and they did not give my Pepsi,Negative
9/18/2023 16:18:51,they were supposed to give me 9 pieces of chicken but they gave 8,Negative
9/18/2023 16:19:12,Burger was cold and it was super spicy. I did not order spicy one I ordered best cheese burger. Very disappointing.,Negative
9/18/2023 16:19:31,The coleslaw fell all over the place and the food was a bit cold.,Negative
9/18/2023 16:19:41,i ordered coleslaw and it was missing,Negative
9/18/2023 16:20:08,delivered me date expired colslow.Will people eat rotten food?,Negative
9/18/2023 16:20:30,The burgers were cold. That's the only problem I faced,Negative
9/18/2023 16:35:49,"The food was cold, there was no sauce, the taste of the sausage was bad..",Negative
9/18/2023 16:36:11,food was cold and they did not give my Pepsi,Negative
9/18/2023 16:37:01,i found the cake smashed! my daughter became very upset,Negative
9/18/2023 16:38:00,vanilla and blueberry cake were very yummy!! mango cake was okay.,Positive
9/18/2023 16:39:18,"I liked the old design of the mango cake. Moreover, the cake felt a bit smaller than what I previously ordered.",Negative
9/18/2023 16:40:22,"such heart warming pastries, o will definitely order more next time.mango and blueberry flavours are so fresh & creamy!!",Positive
9/18/2023 16:41:04,Taste is ok of doi bora but the quantity is less.,Neutral
9/18/2023 16:41:36,gave me wrong food! they r just weird shit!!,Negative
9/18/2023 16:42:03,Look is great but taste very average,Neutral
9/18/2023 16:43:30,Disgusting i ordered Black Forest cake but they delivered normal chocolate cake,Negative
9/18/2023 16:44:01,Very Bad Packaging. Cakes must be provided in different packets. You can't give 3 cakes in a single box. It will get mixed with each other. Nonsense,Negative
9/18/2023 16:44:49,"I paid extra for whipped cream and extra shot but did not get any, I should be refunded for the extra charge!",Negative
9/18/2023 16:45:23,"I had to cancel the first order, because the restaurant sent wrong order. I was a hassle",Negative
9/18/2023 16:45:47,I ordered a frozen flavoured latte and they sent me a hot one instead. It was very upsetting.,Negative
9/18/2023 16:46:11,Very poor packaging. I ordered 2coffees.1 was cold and there was no straw or tissue. It is really ridiculous.,Negative
9/18/2023 16:46:54,It was oweful. The coffee mug was licking when i recieved. The time i opener it spilled on my hand. My hand hot burnt. This is disgusting,Negative
9/18/2023 16:47:33,"the coffee was extremely horrible, as someone who regularly orders from crimson, I was very disappointed",Negative
9/18/2023 16:47:47,This restaurant sometimes do not follow the customer recommendations and they not provide cutlery item.,Negative
9/18/2023 16:48:06,worst Tuna on Toast I ever ate. Too sour to eat.,Negative
9/18/2023 16:48:14,I ordered 24 chicken wings. But get only 18. Its very disappointing. And also i get my order 1 hour 20 minutes later and the food was cold.,Negative
9/18/2023 16:48:26,Spicy fried chicken was a bit dry. Burgers and wrap were ok.,Neutral
9/18/2023 16:48:38,Asked for more rice so they gave lesser than usual.,Negative
9/18/2023 16:48:58,Too much sweet for the drinks thats why 4 star if sugar was a little less would have been 5 out of 5stars,Neutral
9/18/2023 16:48:58,ordered 5 pieces of chicken. they gave me 4 pieces.,Negative
9/18/2023 16:49:09,The chicken pieces were large. overall it was a really nice meal. I'm hoping to this type of food in the future,Positive
9/18/2023 16:49:20,as always so good excellent service and also rider is so lovely,Positive
9/18/2023 16:49:59,I've ordered 1 leg & 1 rib but they delivered 2 thigh! It happened several times. This type of cheap behaviour didn’t expect from this renowned restaurant. Hope this doesn’t happen in future.,Negative
9/18/2023 16:50:04,Worst taste. May be their quality went down due to all this discounts,Negative
9/18/2023 16:50:09,food was good. But was kinda cold by the time it came!!,Neutral
9/18/2023 16:50:25,packaging very poor Didn't expected it from a brand like madchef.,Negative
9/18/2023 16:50:37,They did not add whipped cream on top but i paid for it,Negative
9/18/2023 16:50:41,for the first time they delivered fresh chickens.,Positive
9/18/2023 16:51:47,The burger and fries was not fresh at all. It was all cold and soggy. Didn't enjoy .. Only the wings was good.,Negative
9/18/2023 16:52:10,They took very long time to prepare just one bucket 9 pcs chicken fries.,Negative
9/18/2023 16:52:12,Achari rice comes with vegetable and chicken cutlet. Vegetables were mediocre but cutlet and rice were great(Garlic is better).But cajun fries are very dissapointing. Just take regular ones instead.,Neutral
9/18/2023 16:52:21,grilled burger and chicken pops was great,Positive
9/18/2023 16:52:32,the delivery man was really generous i typed the wrong address and he still gave me the order in my location that's very rare and only good thing about foodpanda is their riders,Positive
9/18/2023 16:52:41,"after around 40mins - 50mins of wait time, I expected a hot and crispy meal, however the realistic taste had me crunching for less. the food was generally cold & hard to eat.",Negative
9/18/2023 16:52:55,"food quality was very bad today, did not expected that! chickens were over cooked",Negative
9/18/2023 16:53:09,the food was not warm,Negative
9/18/2023 16:53:16,Garlic Butter rice is too good. I think it’s only second to Achari rice. And the basil chicken was delicious too. Just need some vegis to go with the rice.,Positive
9/18/2023 16:53:28,"Worst taste ever. I frequently order from BFC, but this time they perhaps used the old & used oil for frying and the chicken didn’t seem fresh.",Negative
9/18/2023 16:53:53,"Madchef was one of my favourite restaurants but what happened to their quailty?I ordered the basil chicken rice and salt & pepper fries today,the food was not warm the fries were stale.",Negative
9/18/2023 16:54:09,worst service. and worst delivery man. never gonna use this app again.,Negative
9/18/2023 16:54:44,"supreme burger is the best , if made it according to menu and correctly.",Positive
9/18/2023 16:55:18,"chicken seemed stale.that much not fresh, also Over fried with chilled.very disappointed as I am a regular customers of bfc.you should concern more.hope for the best",Negative
9/18/2023 16:56:41,I keep ordering thigh piece and they keep giving me ribs or breast piece.,Negative
9/18/2023 16:57:00,got 8 pcs chicken but ordered 9 pcs bucket and also paid,Negative
9/18/2023 16:57:00,The chicken poutine used to taste 100% better before. It just tastes very bland now. They reduced the overall Portion of the chicken and cheese used . Very disappointing,Neutral
9/18/2023 16:57:12,i ordered 8 pcs hot wings. they delivered 6 pcs,Negative
9/18/2023 16:58:02,Chicken fries were not good at all. Over fried outer batter & chicken was bland & under cooked in some portions. It was the worst order.,Negative
9/18/2023 16:58:11,"Excellent, same as same they offered, not more nor less. Food was delicious, properly packed. Good quality food with neat and clean presentation. I highly recommend their food.",Positive
9/18/2023 16:58:14,It was so bad. First of all I mentioned the way i wanted my order. But they didn’t follow it. Secondly their burger’s sauce was totally rotten. Lastly it took about 1 hour to get the food. WORST,Negative
9/18/2023 16:58:28,Bfc is always the best,Positive
9/18/2023 16:58:44,Gave me day old chicken,Negative
9/18/2023 16:58:52,Gave me wrong sauce twice over even when I reminded them.,Negative
9/18/2023 16:59:57,I have always loved Madchef's burger but today the burger was just cold and the bacon was either not cooked properly or stale. Please take care of the food you deliver,Negative
9/18/2023 17:01:34,"Packing should've done seperately. Fries, mushroom and chicken steak in single pack is worst packing ever. Food is good",Neutral
9/18/2023 17:02:21,Takes so much time to deliver. Disappointing!,Negative
9/18/2023 17:03:15,After long time it tasted great... I was very worried about food..due to rain order was an hour late but arrived in good condition,Positive
9/18/2023 17:03:27,found a plastic sheet inside the burger. packaging was also poor and dirty.,Negative
9/18/2023 17:03:48,"I ordered the basic poutine, & it was okay. Amount of chicken was low, & the broth lacked seasoning. More salt, paprika, pepper would do wonders, & more chicken would make it a 5 star order.",Neutral
9/18/2023 17:04:58,"i didn't receive my meal , the delivery boy is so rude and ordering us to pick the food . I want a quick refund or resend my food.",Negative
9/18/2023 17:05:48,after long time it was tasty.. but size as usual small,Negative
9/18/2023 17:06:04,I order BFC almost every week. But this order was utterly disappointing. I got the smallest pieces of chicken you could ever imagine.,Negative
9/18/2023 17:06:24,Fries are mostly hard but its ok,Neutral
9/18/2023 17:06:39,chicken size is small.price is too much high compared with the chicken size.I would eat chicken from 2014 from bfc but day by day their quantity of product and service is declining ,Negative
9/18/2023 17:07:30,We ordered burgers for the 1st time from them to check whether it is good like they claims. It really tastes very bad. We have to throw the burgers. They did not mention which drink is what.,Negative
9/18/2023 17:07:51,Service was good but my salad was totally destroyed. Packaging should be better,Neutral
9/18/2023 17:08:11,chicken was fried in burned oil....not good,Negative
9/18/2023 17:08:46,"Chicken pieces were not good. Like I am supposed to get 3 piece leg, 2 piece thigh, however there were 1 piece leg and 1 piece thigh. Moreover, breast pieces were not good enough",Negative
9/18/2023 17:09:13,"Madchef is going downwards day by day ,providing less in quantity and i strongly believe they need improving in their packaging in takeaway…achari rice bowl haven’t got the same taste as before.",Negative
9/18/2023 17:09:52,"Quality of the rice meals are good but quantity is lacking at parts, should be increased a bit according to the price.",Neutral
9/18/2023 17:10:03,I always order best burger and fried chicken. Mustard sauce 20 taka also good.,Positive
9/18/2023 17:10:29,Served normal bun instead of brioche and things from the burger such as cheese was missing.,Negative
9/18/2023 17:11:31,"I ordered the crispy chicken burger, and I didn't like the taste. It was unnecessarily over spicy and bland.",Negative
9/18/2023 17:12:20,"Got 'The Big Rob' burger with Garlic Crusted Brioche bun. Spiciness was intolerable. Didn't mention it in the menu. It really ruined my taste. But the patty, bun and the fillings were of high quality.",Neutral
9/18/2023 17:12:46,I ordered roast chicken poutine and fries. You did not provide the poutine sauce. Truly disappointing. people are ordering food because they are hungry. Don't disappoint a hungry customer.,Negative
9/18/2023 17:13:27,Had the achari rice. It was tasty and well packed and overall satisfied with the order. Would be better if it was more affordable,Positive
9/18/2023 17:14:10,I ordered panda crisp burger which price is 300 taka. Price is too high according to the size and and quality of it. And burger was too dry.,Negative
9/18/2023 17:14:39,Best burger 5/5 fried chicken 4/5 mustard sauce 4/5,Positive
9/18/2023 17:14:44,"I ordered two Panda Crisp burgers but for some reason the burgers were barely warm. This is not expected from Madchef, they should be more careful with the quality of foods.",Negative
9/18/2023 17:14:51,fried chicken's size was smaller than regular but taste was good,Positive
9/18/2023 17:15:19,Food was quite good but yeah it’s kinda 4/5 type,Neutral
9/18/2023 17:15:49,fried chicken's size was very small. But the burger was ok,Neutral
9/18/2023 17:15:57,I didn't receive the French Fries,Negative
9/18/2023 17:16:09,They didn't follow the order selections,Negative
9/18/2023 17:16:21,Ordered 'chicken strips with garlic sauce'. The name has garlic sauce written in it. Still they sent faltu spicy sauce. And wedges was not tasty as well.,Negative
9/18/2023 17:16:31,Good food but wrong order.,Neutral
9/18/2023 17:16:51,The taste has decreased significantly,Negative
9/18/2023 17:17:51,dry & cold pops. delivery feud. overall bad experience.,Negative
9/18/2023 17:18:14,The food was cold even the fries were dried. Never thought of having cold bfc,Negative
9/18/2023 17:18:36,the french fries are stale most of the time.,Neutral
9/18/2023 17:18:51,"the quality of the chicken, and coleslaw both went down. it's not nice anymore",Negative
9/18/2023 17:19:10,I ordered regular chicken but was given spicy. the chops portion was no way large. disappointed,Negative
9/18/2023 17:19:30,"Price is too high, food is good",Neutral
9/18/2023 17:19:41,Extremely spicy grilled chicken burger! It was suppose to be not like that..,Negative
9/18/2023 17:22:08,good food good amount. but mutton piece should be improved,Positive
9/18/2023 17:24:05,So tasty as always but this time the Mutton Tehari felt more tastier than the classic kacchi still both good Alhamdulillah.,Positive
9/18/2023 17:25:11,"To me for kacchi, sultan dine is the best. I have tried many other brands but Sultan is best. We had it even when the rumours spread Against sultan. Plz keep the taste like it is",Positive
9/18/2023 17:26:19,"Good enough but not that great. The kacchi rice, potatoes and jorda & Borhani was awesome. But the goats meat was full of fat and bone. The meat quantities and quality was very poor. ",Neutral
9/18/2023 17:26:51,chicken roast piece was too small for the price but basmati kacchi was nice ,Neutral
9/18/2023 17:30:50,Loaded with mutton and rice.The quantity of mutton exceed my expectation. Definitely worth trying.,Positive
9/18/2023 17:31:25,Try to increase the quality of meat provided in Foodpanda order. It's important to give a packet of salad when you deliver a packet of kacchi,Negative
9/18/2023 17:32:02,it’s good. Rider response is so fast and he is well behaved,Positive
9/18/2023 17:33:40,"Meal was excellent. Taste was too much good but delivery took a long time, almost 2hour. Nevertheless, after seeing food, I am fully satisfied.",Positive
9/18/2023 17:34:28,chicken fry portion size was small. also I had food poisoning for the 3re time after ordering from BFC. They lost the touch,Negative
9/18/2023 17:34:58,send wrong items most of the time,Negative
9/18/2023 17:35:08,i ordered 4 pcs chicken but they gave me only 3 pcs chicken,Negative
9/18/2023 17:35:16,They didn’ t provide my cold drinks.,Negative
9/18/2023 17:35:25,"Spicy Chicken was good, but Hot wings wasn't good, felt like the wings wasn't fresh.",Neutral
9/18/2023 17:35:31,The food was absolutely incredible. The smell was pure and tasted delicious,Positive
9/18/2023 17:36:04,"the food tasted really dry and cold it was like the burgers were left for hours and then it got delivered, the onions were too thick & raw, the tomatoes was really thick and there was almost no sauce",Negative
9/18/2023 17:37:05,"Ordered a kacchi and morog polao. morog polao was tasty, but kacchi was oily and burnt. either it was overcooked or picked from the bottom. Beef rezala and roast was not hot and fresh",Neutral
9/18/2023 17:37:46,I ordered a rice bowl and boneless bbq chicken. They gave me the rice bowl but sent me a chicken wrap instead of my order. Please be more careful.,Negative
9/18/2023 17:37:56,They take too much time. Other things simply okay,Neutral
9/18/2023 17:37:58,Experience was good. They don't provide salad when ordered online. This is totally disappointing. This type of service can't be expected from them.,Neutral
9/18/2023 17:38:17,"very bad food,totally disappointing, expected best from bfc but alas! the burger smells so bad and the french fries are rotten.",Negative
9/18/2023 17:38:39,Literally Best Fried Chicken! and I love the coleslaw!,Positive
9/18/2023 17:39:16,Food was good but the service can be better. They behave very carelessly in the counter,Neutral
9/18/2023 17:39:37,"they don't provide any cheese just put mayo and on grill cheese burgers put loads of bbq sauces,took full amount and worst food experience",Negative
9/18/2023 17:40:04,I ordered the Rib piece but they gave me Thigh piece,Negative
9/18/2023 17:40:32,best juicy burger ever. exactly how i like it and the amount of sauce was perfect. i could eat it even with mehendi on my hands. love it.,Positive
9/18/2023 17:40:43,"the food was warm, we enjoyed the delicious taste and nothing was less or more , definitely ordering again. great service",Positive
9/18/2023 17:40:58,"I felt really disappointed, I had ordered spicy cheese wrap with extra cheese but there was no cheese",Negative
9/18/2023 17:41:16,called best fried chicken for a reason nothing to complain except it got me craving it all the time 10/10,Positive
9/18/2023 17:41:26,food taste was good as always. They forgot to give one item. Then we informed them. they accepted their mistake and send that item again.,Neutral
9/18/2023 17:41:36,"ordered ""Best burger"" it was a little dry, need more sauce but over all it was perfect",Neutral
9/18/2023 17:41:55,the chicken could be a bit more crispy. LOVED the coleslaw.,Neutral
9/18/2023 17:42:19,Food quality is well but quantity is a low of little bit and rider behavior is well,Neutral
9/18/2023 17:42:19,Yes but just because It's online you shouldn’t scam. giving two drumstick mini sizes for two chicken order isn’t ethical. if i Have to choose Between breasts and thighs. would definitely want them,Neutral
9/18/2023 17:43:59,Not good. Requested for thai pcs but got another one. Also the quality is not good. Its like yesterdays meal,Negative
9/18/2023 17:44:09,"Alhamdulillah The food was Good Enough, its worth the price",Positive
9/18/2023 17:44:10,Packaging not good. Didn't give any single sauce,Negative
9/18/2023 17:44:21,Wrong burger and the buns were very soggy,Negative
9/18/2023 17:44:32,Meal was nice but not the delivery service,Neutral
9/18/2023 17:45:34,they gave me naga wings instead of regular,Negative
9/18/2023 17:45:56,Chicken lollipop was overcooked and it was almost burnt.,Negative
9/18/2023 17:47:36,food was fresh taste was good. you can taste it if you have a mild hungry,Positive
9/18/2023 17:47:48,the beef loaf sandwich was really yummy and the katsu burger was delicious,Positive
9/18/2023 17:48:02,Extreme extreme. Amount of sauce was given. It was horrible amount of sauce. I felt. Like vomiting. Good. Patty but what's the use? If you dip it 2 buckets of sauce?? Horrible. Absolutely disgusting,Negative
9/18/2023 17:48:15,They didn't gave me any gravy and the chicken inside the burger was gross,Negative
9/18/2023 17:48:28,tonkatsu is good but their fried chicken is too small. not worth the price,Negative
9/18/2023 17:48:42,i asked for providing the sauce but they didn’t provide it,Negative
9/18/2023 17:48:54,Brownie shake was worst.,Negative
9/18/2023 17:49:15,Taste was not quite satisfactory. Couldn't finish the 'chick got fried' burger.,Negative
9/18/2023 17:50:14,experienced this burger for the first time. It tasted good,Positive
9/18/2023 17:50:19,"Finally, no messed-up order, and a special thanks to the deliveryman for getting my words through to the counter.",Positive
9/18/2023 17:50:26,"Nice service, doesn't take too long to deliver and food felt nice, warm and fresh",Positive
9/18/2023 17:50:47,"Yum but cocoa cookie cream should much better , brown sugar milk tea was fine. But cocoa cream cookie te i feel like need more crushed cookies im not satisfied m",Positive
9/18/2023 17:50:47,good service and good quality! thanks again.,Positive
9/18/2023 17:51:31,It takes bloody 1 and 30 hours!!!!,Negative
9/18/2023 17:52:16,I order pearl milk tea and added more money for rainbow pearls but u guys didn’t gave the boba pearl and only gave just a little rainbow pearls it’s really disappointing,Negative
9/18/2023 17:52:31,Got a wrong order. I ordered double decker beef burger but got a single decker beef burger. Really disappointing. But taste was good though.,Negative
9/18/2023 17:52:40,Brown sugar boba wass sooo good,Positive
9/18/2023 17:52:55,"I got food poisoning after having your burger. The burger itself smelled bad. Also, I asked for REGULAR sauce and they gave me too much sauce. Worst place ever. Will never order from you guys.",Positive
9/18/2023 17:53:16,The wings was really bad. The meat was black inside and it had a rotten bad smell to it. I saw it as soon as I opened when i got the delivery,Negative
9/18/2023 17:54:18,the order took more than an hour to come and when it arrived it wasn't in it's best shape,Negative
9/18/2023 17:54:24,Chicken cheese burger was so yummyy . Beef cheese burger was also delicious.,Positive
9/18/2023 17:54:48,took too much time to deliver plus the burger was pathetic this time no cheese no sauce even the patty was worst,Negative
9/18/2023 17:54:58,Drum size was very small,Negative
9/18/2023 17:55:08,I ordered 3 hrs ago and still didn't get my food,Negative
9/18/2023 17:55:18,"Do you like vanilla? Do you like the sound of cream cheese cookie?Well, if you want to try a new drink you can try out Vanilla cream cheese cookie however i wouldn't spend my money again on this drink",Negative
9/18/2023 17:55:19,Was too salty and had sour flavour,Negative
9/18/2023 17:55:36,cha time is a great place to get very tasty refreshing drinks & beverages. Love this place,Positive
9/18/2023 17:55:56,Taste and quality good but quantity bad.,Neutral
9/18/2023 17:56:11,The package was damaged. As if someone had played a game of football with it.,Negative
9/18/2023 17:56:23,"red velvet cake was good enough but, the tiramisu cake wasn't.",Neutral
9/18/2023 17:56:53,Food was good. Requested for extra condiments and they provided.,Positive
9/18/2023 17:57:03,lasagna was yummy😋... pasta basta and four season pizza were also good.,Positive
9/18/2023 17:57:14,food (rice) quantity is very poor but taste is good.,Neutral
9/18/2023 17:57:33,pizza was broken and mashed due yo bad packaging,Negative
9/18/2023 17:57:39,I odered NO ICE yet they filled my drink to the top ice. Thier level of incompetence never fail to amaze me.,Negative
9/18/2023 17:57:55,Very bad quality. It was chicken pasta but only 2 thin strips of Chicken. Waste of money.,Negative
9/18/2023 17:58:12,Too late and pizza is very cool,Negative
9/18/2023 17:58:28,THANKS FOR GIVING LESS AMOUNT OF CUCUMBER.,Positive
9/18/2023 17:58:40,good quality but poor quantity of Thai soup coffee was terrible,Negative
9/18/2023 17:59:05,"Food is great with amazing taste. But they should increase portion size, it's not appropriate according to price",Neutral
9/18/2023 17:59:20,the quantity 2:1 is not enough but taste was good,Neutral
9/18/2023 17:59:35,Quantity of chicken vegetable soup is very small. I'm disappointed. recommended to increase soup portion.,Neutral
9/18/2023 17:59:36,Mashallah! The waffle was really tasty! Inshallah soon I will order from here again! ,Positive
9/18/2023 17:59:58,"I ordered something else, they gave me completely different items (which was way cheaper)",Negative
9/18/2023 18:00:09,"Food was good, specially the red velvet cake was tasty, also the portion of pasta basta was satisfactory but still food seems a bit overpriced. Overall good experience.",Positive
9/18/2023 18:00:23,The fish and chips was very salty.. just horrible,Negative
9/18/2023 18:00:29,This is the first time I'm trying waffle! And for me it taste really good ! 10/10 . Gonna order it again ! and please keep the waffle value as it is,Positive
9/18/2023 18:00:32,good but quantity was not enough for one person.,Negative
9/18/2023 18:00:52,food quality is very good but quantity is not.,Neutral
9/18/2023 18:01:11,messed up my order. i asked for fried rice. gave me fried chicken and soup,Negative
9/18/2023 18:01:46,The crab in the seafood fried was smelly and tasted bad. Not recommended.But the Thai soup was good. Overall I believe their quality has fallen.,Negative
9/18/2023 18:01:48,"taste was awesome, though not crispy, i guess it is best to eat just after it is served",Neutral
9/18/2023 18:02:08,alfresco has one of the best pasta in town.,Positive
9/18/2023 18:02:33,"the grilled chicken salad was too spicy & soggy because of excess sauce. Ppl order salad to have a light meal, which this definitely was not. very disappointing. Garlic Mushrooms were good",Neutral
9/18/2023 18:02:45,"It's delicious but the price is but high than the amount. If the price of nutella waffle was 150 taka, then I would be perfect.",Positive
9/18/2023 18:02:54,absolutely amazing. one of the best lasagnas ever!!!!,Positive
9/18/2023 18:03:12,mushrooms was less seems like chicken soup.,Negative
9/18/2023 18:03:27,there was no cashew nut in cashew nut salad!,Negative
9/18/2023 18:03:43,The waffle was super tasty and crispy. Highly recommend!!,Positive
9/18/2023 18:04:29,Ordered pad thai and spring rolls and got fish and chips and cream of mushroom soup.,Negative
9/18/2023 18:04:35,"Ordered it from the Mirpur 12 cloud kitchen one of the Banana Waffles were soggy and almost inedible, the other nutella ones were fine so I'm guessing they didn't make the banana one I ordered fresh.",Negative
9/18/2023 18:05:02,The quantity and amount was not for 1:1,Negative
9/18/2023 18:05:15,good and healthy food. not mind-blowing but really healthy and fresh.,Neutral
9/18/2023 18:05:19,I ordered 3 types of waffles from Waffles Up and the waffles were good. Everyone enjoyed it!,Positive
9/18/2023 18:05:49,"I ordered Thai soup for evening snacks, they deliver at 10:20 pm - I won't order in future",Negative
9/18/2023 18:05:59,The order arrived 10 minutes earlier than the given time and the food was really a one of a kind. I will definitely order again in the future,Positive
9/18/2023 18:06:07,ordered soup and salad. but they did not provide any cutlery? how am I supposed to eat soup now ,Negative
9/18/2023 18:06:21,Chicken meaty crust pizza is nice,Positive
9/18/2023 18:06:33,Death By Nutella is good. kintu both side e chocolate keno den na apnara. ekbar diyechilen. it tastes good,Positive
9/18/2023 18:06:35,very very much disappointed ordered wrap and shawarma ..they just somehow made it and given me ..do not order from alfresco just avoid and tell others not to order from alfresco,Negative
9/18/2023 18:06:58,good...but price is very high according to food quantity.,Neutral
9/20/2023 21:15:06,Delicious momo and normal size ramen. The food is really good.,Positive
9/20/2023 21:15:23,Spend over 470 taka to get ramen made of cheap maggi noodles. The photo of the ramen which they advertised in the manu looks nothing like this ramen.,Negative
9/20/2023 21:15:56,"I like the taste of their food. Even though a bit pricy, the superb taste makes up for it.",Positive
9/20/2023 21:18:06,Oven baked pasta was really good. Portion size should be increased according to price,Positive
9/20/2023 21:18:32,"pasta halka salt kom. Rice Bowl e chicken onk Kom.30% chicken of a standard rice bowl..But after 50-60% discount,price,taste and chicken ratio barely offsets each other and hence not bad overall.",Neutral
9/20/2023 21:18:54,Not bad...It is good...but i think price is too high compare than quantity,Neutral
9/20/2023 21:19:27,the taste of bbq chicken is ridiculous. Chili chicken portion is very less.,Negative
9/20/2023 21:19:59,i ordered creamy baked pasta. it was decent taste. nothing special. but if you are hungry good to go,Neutral
9/20/2023 21:21:37,"Though the Sausage Pizza was too simple but that's spices was good & tastes good.
",Positive
9/20/2023 21:22:19,The first rider was so bad but i appreciate the 2nd rider…thx to him for delievering the food early,Positive
9/20/2023 21:23:22,it took 2 hours to deliver the food. but food was good,Neutral
9/20/2023 21:25:18,It was amazing but need more chessy and spicy,Positive
9/20/2023 21:25:37,usually good but my last order was below their usual quality..,Neutral
9/20/2023 21:26:08,"Not even worth 1* rating, that was the worst pizza ive ever had, cheese amount little to none, not even enough topings, even the size was not 16*, ",Negative
9/20/2023 21:26:23,"the food was amazing, looking forward to ordering again.",Positive
9/20/2023 21:26:36,The pizza is cold. I don't know how anyone can enjoy cold pizza,Negative
9/20/2023 21:26:52,I love all of their pizza ❤️,Positive
9/20/2023 21:27:30,"yes, everyone should try their pizza and cheese boat. I recommend.",Positive
9/20/2023 21:27:43,they haven't properly served my order I had 6 mayo order but they gave only 2,Negative
9/20/2023 21:28:07,"Even though taste was great, but the portion is really poor. I ordered cheezy chowder with bacon bites and steak garlic.",Neutral
9/20/2023 21:28:33,I live just beside the restaurant. yet it almost took an hour to arrive and the Pizza was cold. unacceptable! ,Negative
9/20/2023 21:28:54,the sauce is the best but i got less chilly flakes but thats not a problem,Positive
9/20/2023 21:29:11,pizza was good but i don't think it’s 14inch. overall 8.5 out of 10,Neutral
9/20/2023 21:29:56,The delivery was on time. The food was very spicy hot regardless of requesting for less chili.,Neutral
9/20/2023 21:30:10,"Dry, tasteless and promised items of the bundle were not delivered.Worst pizza in town. Not recommended",Negative
9/20/2023 21:30:29,A little overpriced but taste medium🤯 please descrese ur prices😑😑,Neutral
9/20/2023 21:31:40,SMG+Kolonglo/4cheese- Pasta Alfredo/Mac n Cheese Steak pasta… u can never go wrong.,Positive
9/20/2023 21:31:57,"the pizza was cold, mis-shapen and looked like an absolute disaster. terrible service.
",Negative
9/20/2023 21:32:43,Very much dissapointed!! You should be more careful for the home delivery meal! ,Negative
9/20/2023 21:33:09,Delicious and scrumptious 😋,Positive
9/20/2023 21:33:50,"great price to proportion value. thin crust is literally naan rooti 😂. but cheese, toppings everything else is top notch. probably best pizza in Bangladesh",Positive
9/20/2023 21:34:17,"very unhealthy ,and poor meal.so sad to say😡",Negative
9/20/2023 21:34:38,The crust was very thin and not soft. also the toppings were not enough but the taste was good,Neutral
9/20/2023 21:35:11,Couldn’t have asked for better pizzas! I’m not lying when I say that your spicy sausage pizzas literally cured my food poisoning lol.,Positive
9/20/2023 21:35:38,The taste good but the quantity was very less today compared to other days,Neutral
9/20/2023 21:35:53,Amazing customer service. I had a special request and they delivered. Thank you 😊,Positive
9/20/2023 21:36:07,they have the best mac&cheese in the town.Excellent in quality and quantity as well,Positive
9/20/2023 21:36:27,Very badly baked pizza. I havent ever eaten anything worse than this. The dough was too thin. The spice level was unnclecessarily high. ,Negative
9/20/2023 21:36:49,"I ordered SMG 12 inch... but they gave me a ""RUTI"" with cheese and beef... There was no sauce in the pizza the crust was not cooked well.",Negative
9/20/2023 21:37:06,"Food is top-notch, I ordered Alfredo Garlic Cheez Boat, but price is seemed quite high compared to the quantity.",Positive
9/20/2023 21:37:28,it was okay but the bread was hard and needed to be more crunchy from the inside of the crust make sure to keep it thinner next time.,Neutral
9/20/2023 21:37:46,Good packaging. Great taste of overall all Items. Only pizza went cold and so taste was a little off. Happy delivery this one,Positive
9/20/2023 21:37:59,"Totally dissatisfied with the pizza, got a messy pizza",Negative
9/20/2023 21:38:22,"After waiting two hours, the order arrived completely cold - too much tomato sauce, too sour.",Negative
9/20/2023 21:38:42,"The Cream of Tomato soup tasted as nice as othet great ones I've had, but compared to the price, the quantity was shockingly small.",Neutral
9/20/2023 21:38:55,It was alright but the crust is just too much when it comes to the thick crust,Neutral
9/20/2023 21:39:18,Our house is probably 200 yards from this restaurant. But the pizza was cold upon arrival. Not happy with it.,Negative
9/20/2023 21:39:55,"I rate it out of 10/10 it was very yummy and thank you cheez for giving us two pepsi,I really appreciate it😊🌸",Positive
9/20/2023 21:40:18,"Taste is good but portion size is small. And to me price is little bit high.


",Neutral
9/20/2023 21:40:48,"The pepperoni pizza and all about shrooms are delicious! absolutely loved them


",Positive
9/20/2023 21:41:52,the pizza slice were completely disoriented and shattered. would have been an embarrassment if I had guests over.,Negative
9/20/2023 21:42:19,"sort of dry. and less cheese.ironic for the name to be CHEEZ


",Positive
9/20/2023 21:43:24,"their food items are very good....


",Positive
9/20/2023 21:43:38,"Poor portions+high price=one star review


",Negative
9/20/2023 21:44:11,Disgusting! The chicken felt rotten.The prawn wasn't tasty either.The rice tasted average.,Negative
9/20/2023 21:44:27,"I love boomers as always, but they need to work on improving food taste as the food tasted bland to me today",Positive
9/20/2023 21:44:48,"thai fried chicken was salty but the rest item is good 😊👍


",Positive
9/20/2023 21:45:15,the worst hm delivery restaurant boomers now a days...1st at home delivery they provide less quantity food..,Negative
9/20/2023 21:45:46,"foods and delivery was excellent.. hopefully the next time I shall order more ..thanks a lot boomers for good food ..


",Positive
9/20/2023 21:46:03,The Order took too much time. The Food was Cold. The Quantity of the food was no sufficient. The Package of the food was little wet,Negative
9/20/2023 21:47:00,"Food quality is very poor, order 3x set menu 2, which is supposed to come with three curries on each box, but in one box one item was missing. Don't know what to do.",Negative
9/20/2023 21:47:49,"Fried rice er sather fried chicken gulo chicken na edaning gola r har pachhi.Ami boomers er rice onk like kori.Plz apnader standard dhore rakhben.


",Neutral
9/20/2023 21:49:01,"I ordered morog polao and they provided rotten food.


",Negative
9/20/2023 21:49:17,Taste was awful. They don't know the difference between kacchi and Biriyani. The meat seemed rotten. Inedible .,Negative
9/20/2023 21:51:01,"It would be better if quantity will be increased a bit


",Neutral
9/20/2023 21:51:21,"everything was good the meatbox was good but the bbq meatbox was bad the sauce was bad


",Neutral
9/20/2023 21:51:39,"I ordered the loaded chicken one, it was yumm.


",Positive
9/20/2023 21:51:58,"There food is always good, didnt have any complain.


",Positive
9/20/2023 21:52:28,"All the things were perfectly combined Loved the meat box


",Positive
9/20/2023 21:52:48,"Tried maxical rice platter.A must place for spicy lover.


",Positive
9/20/2023 21:53:18,"soo tasty food, very delicious 😋😋😋,nice products and services is very first, thanks.


",Positive
9/20/2023 21:53:33,"very good but quantity arektu barale valohoyy price er sathe balance hoy


",Neutral
9/20/2023 21:53:49,"the quality and the quantity of the meal is deteriorating day by day. Honestly I didn’t expect that from Munch station.


",Negative
9/20/2023 21:54:07,"it wasn’t enjoyable much. taste wasn’t very good. don't know what happened there.


",Negative
9/20/2023 21:54:34,"it is one of my favourite restaurant...rice bowl and dumplings are too good


",Positive
9/20/2023 21:54:47,I have ordered spanish chicken with butter rice. some of the chicken pieces were rotten. couldn’t eat it because it was too smelly and rotten,Negative
9/20/2023 21:55:35,"ood was good, taste still the same but, I thought regular would be normal sized as before few months. The quantity has definitely lowered compared to price.",Neutral
9/20/2023 21:56:22,"Overall one of the best meatbox I have ever had. Quality is great according to price. But need to increase the quantity.


",Positive
9/20/2023 21:56:36,"as Always Their food is best 😍 i always order from them 👌 just loved it😋🫶


",Positive
9/20/2023 21:57:14,"Alhamdulilla meat box 2 toi vlo chilo bt coslow ta meybe ager diner aktu ghondho hoye giyechilo


",Neutral
9/20/2023 21:57:36,"VERY GOOD I WAS BLOWN AWAY..I HIGHLY RECOMMENDTHIS PLACE. GOOD PROPORTIONAL SIZE AND TASTY


",Positive
9/20/2023 21:57:58,"i ordered one item with more price by bkash,bt they provide me wrong one with less price.... why this harassment???",Negative
9/20/2023 22:01:01,"the food is not that much delicious that i thought. the preparation of food is not that much clean as i found a hair of thier chef
",Negative
9/20/2023 22:07:27,"the nuggets in the meat box were very chewy!! not soft at all!! and there is some inconsistency with the sauce throughout the box


",Neutral
9/20/2023 22:07:46,"Food was good as always but the packaging got wet due to rain, they should have wrapped their food with plastic bag like cheez does and then deliver.",Positive
9/20/2023 22:10:32,always the first choice when I am looking for a budget meal. I always order the black pepper rice and lemongrass dumplings.,Positive
9/20/2023 22:11:03,Munch station is always best...I ordered a gigantic meat box and chicken siu mai.. And they didn't disappoint me ,Positive
9/20/2023 22:11:19,good as always but the rice went sticky and bad when i left it in the fridge for 3 hrs. that shouldn't happen. 😔,Neutral
9/20/2023 22:11:40,the BBQ sauce was just tomato ketchup the chicken was underseasoned but overall the food tasted pretty good. ,Neutral
9/21/2023 20:52:12,I ordered 6 pcs chicken wings. they give me 3 pcs wings and make them 6 by dividing them in the middle.,Negative
9/21/2023 20:52:43,charged me for a higher priced burger but sent me the basic chicken one. And that too tastes bad.,Negative
9/21/2023 20:53:17,The quality was not satisfactory. The packaging was very bad. Do not recommend.,Negative
9/21/2023 20:53:41,The Food was not properly packed and sealed. They forget to add garlic sauce for fried chicken. Not OK with the price we pay for their food.,Negative
9/21/2023 20:54:22,date over firni and borhani .food was average. but they will not improve .such a shame.,Negative
9/21/2023 20:54:29,"Food was excellent as always. But the packet was open, not sealed.",Neutral
9/21/2023 20:54:34,The amount of the rice was low,Positive
9/21/2023 20:54:43,Rice & chicken combination was good but kebab was of veggies(not good) didn't give salad borhani & chutney ratio was good.,Neutral
9/21/2023 20:54:58,I like everything about burger king! love love love their burgers and chicken. wish they'd bring back mushroom Swiss and BBQ whopper,Positive
9/21/2023 20:55:06,food was not freshly made and the taste is bitter so bad I don't think I will ever order from this restaurant,Negative
9/21/2023 20:55:17,"I am so surprised to see the rice quantity, it is enough for a child not for an adult. I hope you will take good care of this matter and serve the proper amount of like you served previously.",Negative
9/21/2023 20:55:28,Worst chicken fry I have ever eaten...they were not near burger king's standard...I don't recommend..,Negative
9/21/2023 20:55:30,"Very good taste.I ordered Morag Polao 1:1.But,I think they should increase the quantity of polao a little bit.But overall good in taste.Borhani was awesome.Piece of roast was also good.",Positive
9/21/2023 20:55:42,You guys gave chutney like half a teaspoon. Maybe give a full teaspoon of chutney? Rice was nice but felt a little less Idk myb you could've added a bit more like 30-50grams?Or else it was tasty.,Neutral
9/21/2023 20:56:12,i have ordered one breast piece one leg piece. they did not give that.,Negative
9/21/2023 20:56:18,rice was undercooked. chicken was overfired. and a smell like burnt oil ( like petrol) was coming from chicken.,Negative
9/21/2023 20:56:29,Rice quantity was poor! Mutton size is becoming smaller day by day! Firni & Borhani were good,Neutral
9/21/2023 20:56:42,the fried chicken had a bad frozen smell. you could tell how old it was. the taste wasn't good either. the garlic sauce was overwhelmingly bad as well.,Negative
9/21/2023 20:56:56,"Pretty much plain, nothing fancy, tasted like normal local biriyani shops morog polao but price was high. The morog's size was too small way too small, polao rice was cold no smell at all.",Negative
9/21/2023 20:57:11,his delivery boy has huge problems.. he creates lots of problems in my house.. please do some.. my Oder not give me .. other parcel send me ..this is not my order,Negative
9/21/2023 20:57:12,Chicken fries was the worst i had. This sort of chicken fry was not expected from Burger King.,Negative
9/21/2023 20:57:29,Badam Sarbat was too good..Excellent,Positive
9/21/2023 20:57:44,"Very Bad food. I ordered the special mutton kacchi, they gave one small piece of meat and another one was literally bone. the beef rezala had one piece of meat. this is straight up fraud.",Negative
9/21/2023 20:58:14,Beef patty was dry and tasteless. Needs more salt i guess? Chicken was ok-ish.,Neutral
9/21/2023 20:58:23,recommend the promotion to the rider. arrived in rain,Positive
9/21/2023 20:58:51,chicken was not good. smelt like alcohol that too cheap quality.,Negative
9/21/2023 20:59:13,Jali kebab was missing and too much oily,Negative
9/21/2023 20:59:28,Rice was not well cooked,Negative
9/21/2023 20:59:38,morog polao was good but jali kabab was rotten..not at all fresh,Negative
9/21/2023 21:00:01,"Disappointed, they didn't even notice my instructions. Taste was bad. Very poor service.",Negative
9/21/2023 21:00:09,My ordered polao was not cooked properly and delivered in cold conditoon seems prepared,Negative
9/21/2023 21:00:18,kabab was staled. rice was not boiled properly,Negative
9/21/2023 21:00:28,They did not give me bbq sauce when I specifically requested it plus BK's quality has been dropping a lot lately - nuggets weren't as good as they used to be.,Negative
9/21/2023 21:00:31,quantity has been reduced but quality is still best,Negative
9/21/2023 21:01:20,roast was no to good..burhanii is very sweet which is no good....try to improve it...thanks,Negative
9/21/2023 21:01:44, ordered a badam shorbot along with my main order the didn't provide the badam shorbot.,Negative
9/21/2023 21:02:22,their food is OK..I paid full price but they always forget to add chatni and salad.. also badam sarbat is not good.,Negative
9/21/2023 21:02:43,The meat was overcooked and somewhat burnt. despite being the fact the kacchi taste delicious and very flavourful.,Neutral
9/21/2023 21:03:01,The chicken nuggets were really bad but the burgers were nice,Negative
9/21/2023 21:03:41,test was amazing but the quantity is too much less then the price. and the roast was rotten.. it disappointed us but the test was perfect,Neutral
9/21/2023 21:04:09,Food was great as usual. The large Coke that came with my order leaked through their packaging and leaked all the way to my front door. I had to wipe Coke off my floor.,Neutral
9/21/2023 21:04:13,test was amazing but the quantity is too much less then the price. and the roast was rotten.. it disappointed us but the test was perfect,Neutral
9/21/2023 21:04:27,Best Murag Pulao in the city!,Positive
9/21/2023 21:04:42,food quantity is not good!,Negative
9/21/2023 21:05:47,Horrible portion size comparing price! Others are much better. Never ordering ever again from here,Negative
9/21/2023 21:06:09,Doesn't follow provided cooking instruction.,Negative
9/21/2023 21:06:29,loved the meal. i ordered the shahi mogor pulao and loved it. the portions can be a bit larger.,Neutral
9/21/2023 21:06:36,there were more bone than meat and the taste was average.,Negative
9/21/2023 21:06:44,food tasted awesome! I wish the price was little less and thus more reasonable!,Neutral
9/21/2023 21:06:50,basmati kacchi was good. It's quality best but not less than quantity. quantity should be bit increase as per as it's price,Neutral
9/21/2023 21:07:02,the worst food I have tested yet. the plow was uncooked almost like raw rice and full of big size carrots. the roast was like jhal fry . worst worst worst,Negative
9/21/2023 21:07:28,please don't order from here. I have ordered at5:18. but the food come at 6:20. And Ihave ordered Morog polao. but the roast was too oily. we could not eat properly though it was for iftar.,Negative
9/21/2023 21:07:50,first time tried their Dhakaiya basmati kacchi from The Mughal Empire and the kacchi really tasted yummy Before tasting their kacchi i also tasted kacchi from Mumbai express & Kacchi bhai love it,Positive
9/21/2023 21:08:06,I doubt if it was fresh,Negative
9/21/2023 21:08:17,Could have been better.,Neutral
9/21/2023 21:08:24,Food wasn't fresh. I won't order again from The Mughal Empire. Packaging was good but the food wasn't fresh it feels like 2 or 3 days old food. Was a very bad experience.,Negative
9/21/2023 21:08:31,"The Big Burger was really good. A standard burger par with international standards and as good as Burger King burger in other countries (KSA, Malaysia). But the chicken wings hardly had any meat.",Neutral
9/21/2023 21:09:15,"Packaging is good, food arrived within half an hour of ordering. Taste is not that good, compared to the price paid. Wouldn't order next time.",Neutral
9/21/2023 21:09:18,Food was good but proportion wasn't same in all boxes. I am sure it wasn't the rider. kindly ensure you use same measurement tool for rice.,Neutral
9/21/2023 21:09:40,In home delivery they didn’t give better meat. And the Roast is awful. Done with Mughal,Negative
9/21/2023 21:09:47,Rice was too much oily. otherwise taste is good.,Neutral
9/21/2023 21:09:49,I like their fried chicken! French fries also taste good but the packaging of the fries should be improved.,Neutral
9/21/2023 21:10:01,we were supposed to get beef rezela but we didn't get it. we got chicken instead,Negative
9/21/2023 21:10:16,"everything was good except the borhani, it was way too sweet",Neutral
9/21/2023 21:10:24,"It's a great waste of money. Price is very high. Meat quantities are very low, rice quantities are same as. Mostly the taste of the food is not good.",Negative
9/21/2023 21:10:38,It was unexpectedly good. I ordered Dhakaiya kacchi and both pieces of meat were good . I hope they will keep up the quality in the future. Best wishes.,Positive
9/21/2023 21:12:01,"i ordered fast and furious, it was too much spicy, back then they had an option for spice level, now they dont have that option and making it too spicy",Negative
9/21/2023 21:12:16,"taste was good, quantity was average",Neutral
9/21/2023 21:12:34,"Delivery man destroyed the whole meal. I told him but he made several excuses.he told that , the restaurant serve the bad food . He had no fault. Please find who’s fault was that.",Negative
9/21/2023 21:12:51,"ve asked for 25% spicy, instead of that they made it so spicy that I've to eat ice afterwards. they never follow the instructions properly. the chicken they've used in there was so smelly.",Negative
9/21/2023 21:13:24,Their Pizza is just awesome.I tried their bbq pizza and fast& furious.. both are amazing.Totally Satisfied,Positive
9/21/2023 21:13:53,"everything on the pizza is spot on but there needs to be more pizza sauce. thin crust, absolutely filling & delish. thank you",Neutral
9/21/2023 21:14:16,"worst experience ever on Foodpanda. I wish I could upload a photo!! 1st I didn't get the pizza what I ordered got something else. 2nd, the pizza was smashed into one single piece. 3rd, poor delivery",Negative
9/21/2023 21:14:34,l had ordered alfredo baked pasta but you send normal red sauce baked pasta it was really disappointed,Negative
9/21/2023 21:16:44,"the pasta was really great and creamy,loved it",Negative
9/21/2023 21:17:24,Pasta was good as always but delivery man was very rude,Neutral
9/21/2023 21:18:39,overall Fantastic..but salad missing chilo..and borhani beshi misti.. usually borhani eirokom hoy na..,Positive
9/21/2023 21:18:49,"Overall taste of the food is okay, not wow. But amount of beef rezala in the package is too much little for 5 people.",Negative
9/21/2023 21:18:58,Hardly found meat pieces Restaurant needs to work on side dishes,Negative
9/21/2023 21:19:48,"So, I ordered my pasta and they basically BURNED it, the sauce was smelly and wasn't cooked properly, All the pasta were broken and let's not talk about the portion,NEVER order from them, it's too BAD",Negative
9/21/2023 21:19:59,Is it just me or the quantity actually deceased after the break? taste of borhani wasn't like before either.,Neutral
9/21/2023 21:20:17,"The most disgusting food I have experienced. The taste of pasta is so much worse. I will never order again from here. Also, they didn't write the name of the pasta on the box",Negative
9/21/2023 21:21:20,you guys should have give spoons. this is so disappointing,Negative
9/21/2023 21:23:01,They are not maintaining quality. NO cheese at all. No wonder bad reputation nowadays,Negative
9/21/2023 21:23:33,"Everything was fine except the rice, because the rice was hard. Maybe they didn't cook properly.",Negative
9/21/2023 21:23:53,he potato was not good plus no good pieces of mutton. Only the rice and kabab were good,Neutral
9/21/2023 21:24:06,"Mughal Empire was one of my favourite restaurants. but the quality, taste of the food are not as before.. that's very disappointing",Negative
9/21/2023 21:24:13,The pizza has all the toppings on top of the box. Delivered in very poor condition,Negative
9/21/2023 21:24:25,"It’s really unworthy.pizzaburg is getting worse day by day,the topings on the pizza is very low and the quantity of the meat is poor",Negative
9/21/2023 21:24:54,"The pizza had a scanty amount of toppings, lacking in ingredients. The fried rice was overly moist when it should have been crispy and dry. It appeared that the rice had been prepared the previous day",Negative
9/21/2023 21:24:55,Best Kacchi in Mohammadpur area so far. I love the packaging and the chatni.,Positive
9/21/2023 21:25:13,i ordered extra topping but that was the same.it was dissapointing..but i know the real taste of pizzaburg but this time the experience was not good,Negative
9/21/2023 21:25:21,quantity was a little bit less but they have never failed me,Neutral
9/21/2023 21:26:00,First time ordered Meat masala pizza from pizzaburg. The pizza was really tasty and loaded with toppings!! Also their packaging was really good and they also provided Extra sauce as demanded!,Positive
9/21/2023 21:26:15,pizzaburg has been a wonderful experience for me. Few days ago i just got a recommendation for pizzaburg.and today i just ordered a pizza it was so amazing!The taste hasn't even leave my tongue yet.,Positive
9/21/2023 21:26:17,chutney is not good at all,Negative
9/21/2023 21:26:33,Test is good.But mutton pieces are so small. I will suggest to make the pieces of mutton a little bigger.Thank you,Neutral
9/21/2023 21:26:39,I tried pizzaburg for the first time!!! The pizza was amazing. they provide the best quality food. Mine was meat masala which is perfect !!,Positive
9/21/2023 21:27:08,pizza taste was very bad! I dunno why so many people likes this pizza!! they really need to test their taste buds asap if they like this pizza,Negative
9/21/2023 21:27:09,The basmati mutton kacchi was just awesome.... I guess everyone should try that,Positive
9/21/2023 21:27:18,Kacchi was very dry. More masala would’ve made it better.,Negative
9/21/2023 21:27:38,there was hair on my meal.very disappointed,Negative
9/21/2023 21:27:49,Everything was good but meat size is getting small day by day.,Neutral
9/21/2023 21:27:54,"The pizza was completely cold when it arrived and it all toppled onto one corner. The taste was the same though, amazing!!",Negative
9/21/2023 21:28:17,address is clear and confirmed over phone but i had to call 5 times and still he did not find address,Negative
9/21/2023 21:28:35,Good even seems better than sultan’s dine!,Positive
9/21/2023 21:28:46,I can't taste the food like before,Neutral
9/21/2023 21:29:00,I can't taste the food like before,Negative
9/21/2023 21:29:33,it was good! but the delivery time was very long.,Neutral
9/21/2023 21:29:58,Pizza was upside down. All the toppings were glued to the box.,Negative
9/21/2023 21:30:12,biryani was cold and probably not fresh.,Negative
9/21/2023 21:31:09,taste was not good. food was totally cold. didn't get the sauce in one box. it's a shame that pizzaburg has degraded at this level.,Negative
9/21/2023 21:31:22,Utter disappointment!!! Ordered 2x kacchi khadok 1:1.. There should have been 8 pieces of meat in total But I got 2 pieces of meat and 6 pieces of pure bone The quality of the food is deteriorating ..,Negative
9/21/2023 21:31:32,ridiculous food was so bad very very sweet test even chicken was so sweet test I'll never try it again,Negative
9/21/2023 21:31:42,please make the mutton piece larger,Neutral
9/21/2023 21:31:52,food was satisfactory.But the portion could be a bit more.,Neutral
9/21/2023 21:32:00,High Price & Slow Delivery,Neutral
9/21/2023 21:33:31,I have had Pizzaburg in Gulshan. The quality is miles a part. Ingredients are very low in quantity in Mirpur branch. Not worth it.,Negative
9/21/2023 21:35:41,"The pizza was scattered all over, ruined the impression infront of guests",Negative
9/21/2023 21:36:18,"I have eaten pizza from top brands of Bangladesh, among them I think this is the best. Hope you keep up your quality.",Positive
9/21/2023 21:36:30,"
Pastry was old and dry.. Doesn't taste good at all. Expired date of butterbun was 17.9.23. disappointing 😥☹️ Taste is not so good. Quality should be improved.",Negative
9/21/2023 21:37:48,"It is a good, cozy restaurant with good food",Positive
9/21/2023 21:37:51,it's very good food. i like it thank you so much for pizza burg,Positive
9/21/2023 21:38:29,Even after asking extra sauce you guys never saw the instructions. topping is very less when I order online. Really disappointed with your services lately,Negative
9/21/2023 21:38:52,I ordered momo and it was okay. But i ordered egg pudding and it was rotten and so smelly. I almost vomited. Disgusting,Neutral
9/21/2023 21:39:20,"I ordered 3 pizzas on 11 Jun 2023, one with sausage crust. But there was no sausage crust. They didn't check the order carefully.",Negative
9/21/2023 21:39:36,Its sultan's dine. You get what you expect,Positive
9/21/2023 21:39:45,I placed order for the first time. pizza was really good.,Positive
9/21/2023 21:39:53,No salad even though they show that in the pictures.,Negative
9/21/2023 21:40:01,Why food was not warm.,Negative
9/21/2023 21:40:07,It was really good.Hope they would always be loyal in food quality and customer's trust.,Negative
9/21/2023 21:40:16,Not the Sultan's Dine I know.Meat was hard & salty basmati rice,Negative
9/21/2023 21:40:23,pizza was good enough but a less cheesy,Neutral
9/21/2023 21:40:36,I Didn't Understand its Original Sultans Dine orduplicated.Food Quantity is Good but Food taste are very bad.,Negative
9/21/2023 21:40:39,"Ngl, the pizzas were better, going order again.",Positive
9/21/2023 21:41:06,"Always joss,all-time best",Positive
9/21/2023 21:41:06,the chicken steak was too small,Neutral
9/21/2023 21:41:31,Food quality and quantity was great. But each time i ordered their food they loves to send me bones instead of meats ,Negative
9/21/2023 21:41:36,"pizza is always good, I always love their pizza but they take too much time to deliver and they charge container fee I don't know why as its only a paper box",Positive
9/21/2023 21:41:41,Foodpanda is being hypocrite. There's no Sultan's Dine in Mdpur. They are lying and selling this worst kachhi biriyani. Shame.,Negative
9/21/2023 21:41:57,"Perfect. Taste 7/10, Amount:9/10",Negative
9/21/2023 21:42:05,The most disgusting pudding I have ever put in my mouth,Negative
9/21/2023 21:42:12,Not bad but expecting more!,Neutral
9/21/2023 21:42:19,"pizza burg's pizzas really delicious man. if anyone want to taste real pizza, then dude just go and order from Pizza Bug's and eat.",Positive
9/21/2023 21:42:25,"one of the worse kacchi ever, all three packs biryani purchase is a total wastage of money. every pieces of meat very bad. food panda should monitor and improve the quality of good which we order.",Negative
9/21/2023 21:42:37,Please try to give enough slice of a cucumber & lemons. Also enough meat please,Neutral
9/21/2023 21:42:57,meal isn’t the problem! Your service is horrible! Totally food panda's fault! I tried to contact the rider but got no response at all! Then why do you even provide this option to contact the rider?,Negative
9/21/2023 21:42:57,"The dough was so thin and there was barely any meat, really disappointed.",Negative
9/21/2023 21:43:11,Meal was Good but the Delivery Man was Impolite...,Neutral
9/21/2023 21:43:20,"First of all, there was the smallest amount of meat. The pieces they had given were the chewy pieces stuck with bones and skin. BUT IT HAD HAIR ALL OVER! Small hairs were stuck in the chewy piece.",Negative
9/21/2023 21:43:45,your delivery man was rubbish! he can't manage to find a single location! The food got cold! we have to keep waiting our guest for food! It was so disappointing,Negative
9/21/2023 21:43:59,mutton pieces getting smaller,Negative
9/21/2023 21:44:08,kacchi was dry and cold. taste degraded.,Negative
9/21/2023 21:44:22,one of the best biriyani in town.,Positive
9/21/2023 21:44:27,The pizza went a bit cold. It may happen for the delivery time. Otherwise it was tasty to eat.,Neutral
9/21/2023 21:44:43,"Third class food, not so tastay and so expensive. it should to be ban",Negative
9/21/2023 21:45:10,Not worthy for 200 Taka at all poor quantity...the food was cold,Negative
9/21/2023 21:45:21,"Terrible. Sultan's Dine is now ""Kerani's Dine""",Negative
9/21/2023 21:45:30,Taste was good enough but mutton piece size was very disappointing .,Neutral
9/21/2023 21:45:31,"The cheese was burnt completely. Please, be careful about the amount of baking when you deliver pasta.",Negative
9/21/2023 21:45:49,"bad, not solid piece of mutton found. there were three piece of bone. rice wasn't properly cooked",Negative
9/21/2023 21:45:51,"The food is not fresh, fried rice has become smelly, the vegetables became sour. It is really disappointing to have this type of food.",Negative
9/21/2023 21:46:02,it was absolute trash. I'd request everyone to not order from sultans dine.,Negative
9/21/2023 21:46:45,Food was really bad … all of my family members suffering for the bad food … taste was really we can’t even have the food .. i would like if you guys take necessary step about this matter,Negative
9/21/2023 21:46:49,"The pasta was interesting, the food was ok for the price. Pizza is not so frozen.",Positive
9/21/2023 21:47:07,I hate melted rice and they send me melted rice with 4 pieces of fat.,Negative
9/21/2023 21:47:12,The dough of the pizza so bad and the taste not good enough,Negative
9/21/2023 21:47:23,the worst food ever served. literally there was no meat. only skins and bones. I had guests over and they served this kind of food. My reputation went down the drain. Shity service from Sultan'e Dine.,Negative
9/21/2023 21:47:34,it's only egg Noddle not mixed noodle. quantity is very low for medium size order. bad experience. it's a fraud,Negative
9/21/2023 21:48:07,I have never eaten such bad pasta in my life. This is how alfredo pasta is!,Negative
9/21/2023 21:48:10,The food was too delicious then I expected. Too good,Positive
9/21/2023 21:48:13,bad food quality,Negative
9/21/2023 21:48:25,not satisfied for taste. mutton 2pcs only bone. As a brand sultan not maintain minimum quality,Negative
9/21/2023 21:48:34,Taste but ingredients of rice and meat was less,Neutral
9/21/2023 21:48:47,very good. and they always keep my request,Positive
9/21/2023 21:48:48,food quantities so poor. as this price i expected better quantities.,Negative
9/21/2023 21:49:00,The worst food I have ever had from Sultan’s Dine. The food was very much smoky in flavour and huge salty. Very disappointing.,Negative
9/21/2023 21:49:04,the overall food was good but the fries were very cold.,Negative
9/21/2023 21:49:21,"if I could I would give them negative 10 rating. Food was too much oily,no smell of kachhi biriyani. Mutton pieces quality was extremely bad,weren't even washed before cooking. extremely disgusted,bad",Negative
9/21/2023 21:49:44,quality is getting lower and lower . fried rice tasted sh*t. it was mushy and weird. smelt bad. tasted sour. felt like regular rice was mixed Disgusting,Negative
9/21/2023 21:50:06,"Ordered the Kacchi 1:1 and 250ml 60 tk borhanTaste, quality and quantity are all satisfactory but packaging must improve. They should wrap the kacchi box with poly instead of using 2 rubber bands.",Positive
9/21/2023 21:50:15,Quality and taste both were best. 👍,Positive
9/21/2023 21:50:16,Dissatisfied  Meat size and quality is very bad.,Negative
9/21/2023 21:50:57,"after having this meal , my family members got illness. they provided bad food",Negative
9/21/2023 21:51:07,Hair was found in the flesh. Butpari limit is exceeded. If you give burnt meat then why sell it online. nonsense,Negative
9/21/2023 21:51:10,Should have provided with tissues,Negative
9/21/2023 21:51:22,These can't get any drier. Meat was mostly bone piece. Highly disappointed. Coming from a loyal fan,Negative
9/21/2023 21:51:31,the chicken is a bit small but everything else is pretty good. if the chicken was bigger the meal could be 5,Neutral
9/21/2023 21:51:38,It was so good .yummy! .i will again order the food insha allah,Positive
9/21/2023 21:51:43,Sultan’s dine is better than Kacchi . mutton piece was too small. rice wasnt' well cocked.,Negative
9/21/2023 21:52:02,the chicken is a bit small but everything else is pretty good. if the chicken was bigger the meal could be 5,Neutral
9/21/2023 21:52:05,It was very bad. We have had this exact dish before at sultans dine and it was a thousand times better. Starting to think food quality drops when ordered through foodpanda!!,Negative
9/21/2023 21:52:12,"
It was very bad. We have had the very same thing at sultans dine and it was considerably better. It was a very big let-down. Starting to think food quality drops when ordered through foodpanda!",Negative
9/21/2023 21:52:29,very bad. mutton piece was not good.,Negative
9/21/2023 21:52:36,ery bad. I don’t think it’s real Sultan Dine. They're using name only.,Negative
9/21/2023 21:52:44,poor quality. chicken fry's smell bad. very much juice in vegetable. chicken curry contains lots of bones instead of meat.,Negative
9/21/2023 21:52:44,The Kacchi is always good. The borhani was good too but they should provide a bigger bottle.,Positive
9/21/2023 21:53:01,"I ordered 1:3, the taste is good, the amount of meat and potatoes is also right. But falls short for three. Kindly try to increase the amount of rice. Talking about the test, it's always a lot of fun.",Positive
9/21/2023 21:53:22,thai soup is just soo tasty.... loved it,Positive
9/21/2023 21:54:11,thai soup is just soo tasty.... loved it,Positive
9/21/2023 21:55:11,the quantity of the food was perfect and the food was delicious,Positive
9/21/2023 21:55:24,"I ordered 3 meals, they sent 1 without noticing me.",Negative
9/21/2023 21:55:54,Didn't provide the chutney. Meat portion wasn't enough.,Negative
9/21/2023 21:55:58,I have ordered several times but this time they have provided litreally bad quality of meats. Those were more like half cooked and the overall kacchi had very less masala then the previous ones.,Negative
9/21/2023 21:56:01,It was good. I will otder again.,Positive
9/21/2023 21:56:19,Food delivered fully cold. No good mutton pieces and almost no potatoes.,Negative
9/21/2023 21:56:27,took 90 minutes by a bicycle . it was cold. No foil used.,Neutral
9/21/2023 21:56:43,Sultan's dine never disappoints..I just wish they would provide salad & chutney complementary with the kacchi,Neutral
9/21/2023 21:57:00,The food was very salty and I ordered chicken roast and mentioned I want breast piece instead they gave me leg piece.,Negative
9/21/2023 21:57:01,Taste was very bad . Not expected from sultans dine. Rice was very sticky,Negative
9/21/2023 21:57:06,I came home and found that there was one chicken popcorn item missing in the packet.,Negative
9/21/2023 21:58:44,The food was delicious today. Hope you will continue this service. try to bring food quickly.,Positive
9/21/2023 21:58:50,delivery man was very unprofessional.,Negative
9/21/2023 21:59:20,"rice was good,but didn't got enough meat,got full of bones",Neutral
9/21/2023 21:59:48,I ordered Zinger burger meal. Everytime the burger came with white sauce. But this time they gave red spicy hot sauce. Which is really hot and change the taste of burger. I really did not like.,Negative
9/21/2023 21:59:59,I wish I could give 0 star.They have served me rotten food.That was smelling badly.I don't know how to get to them through Foodpanda to take back my order.They're awful and banned from Food business,Negative
9/21/2023 22:00:14,i have ordered cutney but haven't got it. But to be honest the food was good,Neutral
9/21/2023 22:00:43,Food was not hot at all. It cold. I have ordered bashmati kacchi but they gave me mixed of bashmati and normal rice,Negative
9/21/2023 22:00:54,The chowmein was too spicy 😡🤬,Negative
9/21/2023 22:01:02,"superb. and thanks for giving good pieces of meat as i requested. and for us as we ordered 1:3, there was huge amount of rice. thanks for all.",Positive
9/21/2023 22:01:10,"The food was delicious. But the food temperature is a little bit cold. I think Kacchi Bhai should focus on this. Also, try to make the food prepared fastly for the customer.",Neutral
9/21/2023 22:01:45,Food delayed too much. It took almost an hour. Besides the food was super cold and smelled bit bad also. Super disappointed from Kacchi vhai and it’s probably my last order with them.,Negative
9/21/2023 22:02:04,the food was cold this time and the meat pieces were really small usually the food is good,Neutral
9/21/2023 22:02:21,"Nothing special, foodpanda improvement needed.",Negative
9/21/2023 22:02:33,I ordered two of the same item. One pack had less rice and less meat. Otherwise good food.,Neutral
9/21/2023 22:02:44,I ordered two of the same item. One pack had less rice and less meat. Otherwise good food.,Neutral
9/21/2023 22:02:53,This time the kacchi was appetizing honestly but it needs to improve the rice quantity,Neutral
9/25/2023 23:10:14,fantastic performance restaurant,Positive
10/7/2023 9:59:06,"The Foods always delicious from kawaran bazar branch. But the problem is,price is little bit high than other branch of star & packing also not satisfactory.",Neutral
10/7/2023 9:59:18,So much oil. Digraded quality!,Negative
10/7/2023 9:59:29,They provide basi pocha biriyani! Khabar somoy food theke onk baje gondo ber hochchilo!! khub e baje experience and never order again from them.,Negative
10/7/2023 9:59:39,Wrong food deliverded and this is not the first time!,Negative